{"passengers":1,"meter_increment":0.036538463,"coords":[[0.00,40.78754,-73.97467],[0.04,40.78750,-73.97457],[0.07,40.78746,-73.97448],[0.11,40.78742,-73.97438],[0.15,40.78738,-73.97429],[0.18,40.78734,-73.97419],[0.22,40.78730,-73.97410],[0.26,40.78726,-73.97400],[0.29,40.78722,-73.97391],[0.33,40.78718,-73.97381],[0.37,40.78714,-73.97372],[0.40,40.78710,-73.97362],[0.44,40.78706,-73.97353],[0.48,40.78702,-73.97343],[0.51,40.78698,-73.97333],[0.55,40.78694,-73.97324],[0.58,40.78690,-73.97314],[0.62,40.78686,-73.97305],[0.66,40.78682,-73.97295],[0.69,40.78678,-73.97286],[0.73,40.78674,-73.97276],[0.77,40.78670,-73.97267],[0.80,40.78666,-73.97257],[0.84,40.78662,-73.97248],[0.88,40.78658,-73.97238],[0.91,40.78654,-73.97229],[0.95,40.78650,-73.97219],[0.99,40.78642,-73.97225],[1.02,40.78633,-73.97231],[1.06,40.78625,-73.97238],[1.10,40.78616,-73.97244],[1.13,40.78607,-73.97250],[1.17,40.78599,-73.97257],[1.21,40.78591,-73.97263],[1.24,40.78582,-73.97269],[1.28,40.78573,-73.97275],[1.32,40.78564,-73.97282],[1.35,40.78555,-73.97288],[1.39,40.78545,-73.97295],[1.43,40.78536,-73.97301],[1.46,40.78527,-73.97308],[1.50,40.78518,-73.97314],[1.53,40.78510,-73.97320],[1.57,40.78501,-73.97327],[1.61,40.78493,-73.97333],[1.64,40.78484,-73.97339],[1.68,40.78476,-73.97345],[1.72,40.78467,-73.97352],[1.75,40.78459,-73.97358],[1.79,40.78450,-73.97364],[1.83,40.78442,-73.97370],[1.86,40.78433,-73.97377],[1.90,40.78425,-73.97383],[1.94,40.78416,-73.97389],[1.97,40.78408,-73.97395],[2.01,40.78399,-73.97402],[2.05,40.78391,-73.97408],[2.08,40.78383,-73.97414],[2.12,40.78374,-73.97420],[2.16,40.78366,-73.97426],[2.19,40.78357,-73.97433],[2.23,40.78349,-73.97439],[2.27,40.78341,-73.97445],[2.30,40.78332,-73.97451],[2.34,40.78324,-73.97457],[2.38,40.78315,-73.97463],[2.41,40.78307,-73.97469],[2.45,40.78299,-73.97475],[2.48,40.78290,-73.97482],[2.52,40.78282,-73.97488],[2.56,40.78273,-73.97494],[2.59,40.78265,-73.97500],[2.63,40.78256,-73.97507],[2.67,40.78247,-73.97513],[2.70,40.78238,-73.97520],[2.74,40.78229,-73.97526],[2.78,40.78220,-73.97533],[2.81,40.78211,-73.97539],[2.85,40.78195,-73.97548],[2.89,40.78185,-73.97559],[2.92,40.78177,-73.97565],[2.96,40.78168,-73.97571],[3.00,40.78160,-73.97577],[3.03,40.78152,-73.97583],[3.07,40.78144,-73.97589],[3.11,40.78135,-73.97595],[3.14,40.78127,-73.97601],[3.18,40.78118,-73.97607],[3.22,40.78110,-73.97614],[3.25,40.78101,-73.97620],[3.29,40.78093,-73.97626],[3.33,40.78084,-73.97632],[3.36,40.78076,-73.97639],[3.40,40.78067,-73.97645],[3.43,40.78058,-73.97651],[3.47,40.78050,-73.97657],[3.51,40.78041,-73.97664],[3.54,40.78033,-73.97670],[3.58,40.78024,-73.97676],[3.62,40.78015,-73.97682],[3.65,40.78007,-73.97688],[3.69,40.77998,-73.97695],[3.73,40.77990,-73.97701],[3.76,40.77981,-73.97707],[3.80,40.77972,-73.97713],[3.84,40.77964,-73.97719],[3.87,40.77955,-73.97726],[3.91,40.77947,-73.97732],[3.95,40.77938,-73.97738],[3.98,40.77930,-73.97744],[4.02,40.77922,-73.97750],[4.06,40.77914,-73.97756],[4.09,40.77905,-73.97762],[4.13,40.77897,-73.97768],[4.17,40.77889,-73.97774],[4.20,40.77881,-73.97780],[4.24,40.77873,-73.97786],[4.28,40.77865,-73.97792],[4.31,40.77856,-73.97798],[4.35,40.77848,-73.97804],[4.38,40.77840,-73.97810],[4.42,40.77832,-73.97816],[4.46,40.77824,-73.97822],[4.49,40.77816,-73.97828],[4.53,40.77807,-73.97833],[4.57,40.77799,-73.97839],[4.60,40.77791,-73.97845],[4.64,40.77783,-73.97851],[4.68,40.77775,-73.97857],[4.71,40.77767,-73.97863],[4.75,40.77758,-73.97869],[4.79,40.77750,-73.97875],[4.82,40.77742,-73.97881],[4.86,40.77734,-73.97887],[4.90,40.77726,-73.97893],[4.93,40.77718,-73.97899],[4.97,40.77709,-73.97905],[5.01,40.77701,-73.97911],[5.04,40.77693,-73.97917],[5.08,40.77685,-73.97923],[5.12,40.77673,-73.97929],[5.15,40.77664,-73.97936],[5.19,40.77655,-73.97943],[5.23,40.77646,-73.97950],[5.26,40.77638,-73.97956],[5.30,40.77629,-73.97963],[5.33,40.77620,-73.97970],[5.37,40.77611,-73.97977],[5.41,40.77603,-73.97983],[5.44,40.77594,-73.97989],[5.48,40.77586,-73.97995],[5.52,40.77577,-73.98001],[5.55,40.77569,-73.98007],[5.59,40.77561,-73.98013],[5.63,40.77552,-73.98019],[5.66,40.77544,-73.98024],[5.70,40.77535,-73.98030],[5.74,40.77527,-73.98036],[5.77,40.77519,-73.98042],[5.81,40.77510,-73.98048],[5.85,40.77502,-73.98054],[5.88,40.77493,-73.98060],[5.92,40.77485,-73.98066],[5.96,40.77477,-73.98072],[5.99,40.77468,-73.98078],[6.03,40.77460,-73.98085],[6.07,40.77451,-73.98091],[6.10,40.77443,-73.98097],[6.14,40.77434,-73.98103],[6.17,40.77426,-73.98109],[6.21,40.77417,-73.98116],[6.25,40.77409,-73.98122],[6.28,40.77401,-73.98128],[6.32,40.77392,-73.98134],[6.36,40.77384,-73.98140],[6.39,40.77375,-73.98147],[6.43,40.77367,-73.98153],[6.47,40.77358,-73.98159],[6.50,40.77350,-73.98165],[6.54,40.77341,-73.98171],[6.58,40.77333,-73.98178],[6.61,40.77324,-73.98184],[6.65,40.77316,-73.98190],[6.69,40.77307,-73.98197],[6.72,40.77298,-73.98204],[6.76,40.77292,-73.98188],[6.80,40.77288,-73.98179],[6.83,40.77284,-73.98169],[6.87,40.77280,-73.98160],[6.91,40.77276,-73.98150],[6.94,40.77272,-73.98140],[6.98,40.77268,-73.98131],[7.02,40.77264,-73.98122],[7.05,40.77260,-73.98112],[7.09,40.77256,-73.98103],[7.13,40.77252,-73.98093],[7.16,40.77248,-73.98084],[7.20,40.77244,-73.98074],[7.23,40.77240,-73.98065],[7.27,40.77236,-73.98055],[7.31,40.77232,-73.98046],[7.34,40.77229,-73.98036],[7.38,40.77225,-73.98027],[7.42,40.77221,-73.98017],[7.45,40.77217,-73.98008],[7.49,40.77213,-73.97998],[7.53,40.77209,-73.97989],[7.56,40.77205,-73.97979],[7.60,40.77201,-73.97969],[7.64,40.77197,-73.97960],[7.67,40.77193,-73.97950],[7.71,40.77189,-73.97941],[7.75,40.77185,-73.97932],[7.78,40.77181,-73.97922],[7.82,40.77177,-73.97913],[7.86,40.77173,-73.97903],[7.89,40.77170,-73.97886],[7.93,40.77171,-73.97875],[7.97,40.77172,-73.97864],[8.00,40.77173,-73.97853],[8.04,40.77176,-73.97841],[8.08,40.77178,-73.97830],[8.11,40.77181,-73.97818],[8.15,40.77180,-73.97800],[8.18,40.77175,-73.97781],[8.22,40.77169,-73.97768],[8.26,40.77163,-73.97754],[8.29,40.77155,-73.97743],[8.33,40.77147,-73.97731],[8.37,40.77142,-73.97722],[8.40,40.77136,-73.97713],[8.44,40.77131,-73.97705],[8.48,40.77125,-73.97696],[8.51,40.77120,-73.97687],[8.55,40.77115,-73.97678],[8.59,40.77109,-73.97668],[8.62,40.77104,-73.97659],[8.66,40.77099,-73.97649],[8.70,40.77093,-73.97640],[8.73,40.77088,-73.97630],[8.77,40.77082,-73.97620],[8.81,40.77077,-73.97611],[8.84,40.77071,-73.97601],[8.88,40.77066,-73.97592],[8.92,40.77060,-73.97582],[8.95,40.77054,-73.97574],[8.99,40.77049,-73.97565],[9.03,40.77043,-73.97557],[9.06,40.77038,-73.97548],[9.10,40.77032,-73.97540],[9.13,40.77027,-73.97531],[9.17,40.77021,-73.97523],[9.21,40.77016,-73.97514],[9.24,40.77010,-73.97506],[9.28,40.77005,-73.97497],[9.32,40.76999,-73.97489],[9.35,40.76994,-73.97480],[9.39,40.76988,-73.97472],[9.43,40.76982,-73.97463],[9.46,40.76977,-73.97455],[9.50,40.76972,-73.97446],[9.54,40.76966,-73.97437],[9.57,40.76961,-73.97429],[9.61,40.76955,-73.97420],[9.65,40.76950,-73.97411],[9.68,40.76946,-73.97401],[9.72,40.76941,-73.97392],[9.76,40.76936,-73.97382],[9.79,40.76931,-73.97371],[9.83,40.76926,-73.97361],[9.87,40.76922,-73.97350],[9.90,40.76918,-73.97339],[9.94,40.76914,-73.97328],[9.97,40.76911,-73.97317],[10.01,40.76908,-73.97306],[10.05,40.76904,-73.97294],[10.08,40.76901,-73.97283],[10.12,40.76898,-73.97272],[10.16,40.76895,-73.97262],[10.19,40.76892,-73.97252],[10.23,40.76888,-73.97243],[10.27,40.76885,-73.97233],[10.30,40.76882,-73.97223],[10.34,40.76880,-73.97213],[10.38,40.76877,-73.97204],[10.41,40.76874,-73.97194],[10.45,40.76872,-73.97184],[10.49,40.76869,-73.97174],[10.52,40.76865,-73.97164],[10.56,40.76862,-73.97154],[10.60,40.76859,-73.97145],[10.63,40.76855,-73.97135],[10.67,40.76849,-73.97124],[10.71,40.76844,-73.97114],[10.74,40.76838,-73.97103],[10.78,40.76833,-73.97093],[10.82,40.76827,-73.97082],[10.85,40.76823,-73.97072],[10.89,40.76818,-73.97062],[10.93,40.76813,-73.97051],[10.96,40.76808,-73.97039],[11.00,40.76803,-73.97028],[11.03,40.76794,-73.97035],[11.07,40.76785,-73.97041],[11.11,